{
  "f_pix": 1162.875,
  "span_x_px": 1050.0,
  "span_y_px": 1702.0,
  "Z_from_width_cm": 155.05,
  "Z_from_height_cm": 40.99441833137485,
  "Z_cm": 40.99441833137485,
  "board_center_px": [
    884.5833333333334,
    991.5
  ],
  "principal_point_px": [
    886.0,
    1004.5
  ],
  "X_cm": -0.049941245593418164,
  "Y_cm": -0.4582843713278496
}